POTBJ,WULOI,UQEJF,AWSLQ,AICGV,JZTSM,NULRF,VGAOH,PKXRQ,VQSBR
4.436,4,SWxoejQ,woThJ,1,2.212,3,XjVym,4.81947,fKauuEd
5,3.67,5.385,bMDYa,1,4.962,2,4.49741,3.21127,4
kRkNEWE,1,cBICRcv,dAAtI,1.563,dysvZZ,uyyGR,4.76049,3,4
gMRnqQA,4,5,wLybS,1.441,dvnman,3.27,VJmWR,HgeZSy,2
4.92,4,VzVjeuF,4,1.591,1.431,3.84,1.24388,3,MIgyeIs
GmHDWnL,jZrIt,3,2.38578,1.898,4.722,MujGB,dJHxF,2.78101,NghOYDt
dDaNqSb,rXwbh,6.581,3,1,UPWdvV,1,1.78091,5,4
ehgNZBv,oXJqq,2.421,4,1,sanpvz,3.37,4,3,1.94636
qBrsLor,4.77,AmAFbTF,2.00149,1.99,3.478,qXyhs,1,WlBMdT,2
MqdUYrV,cNOQt,wpQUxvU,2,1,4,1,4,4,5
6,avTgA,5,HizLy,1.404,SqMBdx,4,4.14098,5.81236,3
luOTNIc,3.08,3,4.52718,Vm,2.893,2,VLbep,5,2.8271
2.055,WkZHc,YLcolsf,2,1.35,hhEkcT,2,FoRaQ,3.6369,WgqkPME
3.636,RnnnT,6.478,ubEwG,1.883,3.674,1.78,frqHP,5,2.91117
LTZLaXX,4.89,5.055,3.22167,bJ,2,2.37,4,5.61161,5.64573
XTFamqG,4,3,dhXFg,Nd,jscZhx,2,2.32045,3.54779,2.01784
3,2.2,2.474,1.12388,Iq,yEvzBG,3,2.01769,MuIRbo,5.27053
3.157,DmZJd,5,Unhwk,1.998,XqStNB,4,2.15482,5.43151,lVHvLfZ
6.46,3,2.61,1,1.907,1,2.52,2,5,4.49223
NDpouJt,4,rqsmxew,PSAKu,1.462,4.43,SHOTp,4,5.71254,TuwEcAy
1,1.47,ablIAcX,4,1,1.997,1,4.09049,1.07828,YmOmoyf
3.192,4.08,6.732,dyKFM,Bt,1.761,3,2,3.89373,2
6.991,2,4,guEWH,1,4.765,1.57,rCnkQ,2.87584,uHNdXrc
3.974,1,1,KSRkv,1.197,XbWguT,2.36,3.10476,3,1
6.807,2,2.187,rEulc,1,2,3.13,xVboo,5,RcYBeyb
4.551,4.24,5.538,4.04432,1,aEmJnk,4.87,3,1,kqwcHkG
6.216,pyPYP,jisSdLI,3.08908,yu,JYpIIE,1,4,qXOCet,4.65671
dYaUCrV,nQJoa,SAoHGas,3.71978,1.421,3.45,2.73,ekDBQ,AGzLXj,1
4.643,2.31,5.11,aXaHo,1,PPmBcY,2,1.23991,4.8444,5.68724
4.925,3,qaAUVhl,4,1.23,iwSzFT,4,zUKit,2.26194,2.96345
4,iqRKT,VveaEVc,XTehu,1.696,eDrXUC,3,2.91099,1.0847,jTNzRkh
6,1,3,2.48622,1.929,oUOsxK,2.37,2,4.14659,6
2,4,XHKZBKS,3,By,2,4.61,uqtAz,2,RvFvBkY
3.656,1,RRopjeV,1.0775,1.884,3.016,1,1.42286,2,dKinrWf
mrdYdzd,rTtcZ,vFMbPdX,TEMSZ,1,2.441,nzHTR,2.42402,5,3.33663
3.375,4,6.885,RMNee,1.361,1.173,2,3,LzJVcl,4.85086
OuTXIdE,2.76,2,4.78825,1,2,2,2.89232,4,2.77512
LuhvkIl,ADueF,2.745,1,VV,3.318,1.52,3,qyPRXA,1
UDtixGW,3,1.108,YZlyB,1.265,tKlxNc,1,4,bynhED,ekynYjU
6.154,4.19,3,3.5275,1,RAPyuG,iSMmB,1,PIdSxb,AFHFHSM
2.553,SaYtT,qCEgwWy,1,ZS,5,CYkeg,1.74625,NWibji,qujqEoJ
4.074,1.16,QWmvyQJ,1,1,1.43,4,2,2.13877,4.32754
2,kHJjZ,ZcVyJHn,dqhUA,1,CkOdmA,GhtYb,qqxhr,xVgaHo,RxSXsFn
fgftcWE,1,1,1.67504,1.197,3.133,3,cZrzS,1,4
zyLjZRx,ZwvrM,4,3,Ka,4,4.32,2,2,3
5,1.31,4.433,3,1.488,5.566,4.01,PridX,gVBAaa,YzeCqzd
ShPGCPn,3,4,3.80452,1,2.113,2.2,KYCqW,3,2
4.935,4,2,3.24821,1.663,iLGvRY,1,rojBt,EvMWjh,3
hJoMCyR,LOXvc,6,4,1.586,3,gsqIs,2,5.66991,5.28903
4.628,JwrTl,5,kczpA,bs,4,HRfpH,2.41795,FlqjzF,1.5684
1.782,jRJTX,5,yTlfg,1.887,XneXgC,oDrEg,kqtTD,1,4
OHhHVvA,1,1,Fxlqp,Mv,1.636,1.52,rSUuI,5.3427,tKTDxPR
5,2.28,BoVVBiJ,2.66489,1.093,2,4,2.90422,4,2
1.754,2,OUZJDeq,2,1,1,4,2.43466,3,6.47997
3,1,6,VCUOq,xv,5,1,1,RNeGqe,KeXhNyK
knUOedw,kIqyo,3.002,4,1,3.166,2.6,3,2,hZaxWKK
2,1,4,ZYSNn,WI,2.064,aGOze,3,gSYFvC,pXoRZWH
6.443,OSsLs,4,1.46396,1.996,2.546,2.55,Exumt,4.79854,2.63839
3,DVpIb,3,3,lI,cCvIHG,3,oYjsf,XldvZe,2.32496
EGUqPHU,4,wONMCkA,sOwtg,1,4,3,taeYa,1.48764,3
5.467,1.4,6,VsUje,1.611,5.88,uJRam,hpHTI,5,kszdOvS
3.38,2.23,3.593,CTFgA,rn,MZsNSc,2,ljnfe,4,5
5,4,6,1.50394,1,2,2,mRiTA,5,DiIkIhi
5.422,1,3.77,3.86567,1,5.246,PbumO,3.39895,1.70982,5
1.904,1.94,RFouUkS,3.37631,1,1,3.81,uSXRV,2,1
4,3.44,zdAlQBp,3,1,cWAyfq,4.56,rLkHL,3,1
6.1,2.3,2.903,1.66706,1.715,3.323,1.61,BpkCa,KgBPCK,1
6,1.21,4,dEWMV,1,TnKmUi,2.12,2,1.21068,4
cbuuDHA,2,5.299,4.22724,1,3.196,eEqML,2,2,1
1,MamXT,3.126,1.63517,KY,2.249,2,3,GWSble,1
ppihRTV,3.24,1,1.5922,1,2,2.6,WlTjq,sBlfIv,jzKFLaK
jvOUQPv,4,4.474,3.20068,Ho,1.259,JenSb,2,uxWZAu,2
5,4.16,KWeNwfn,LzUAA,1.781,cTlMlN,lyFbL,1,2,bckNHXT
DTpAXBB,3,4,1.45119,1.352,4.254,1.86,3,4,5
foaBelz,pcxlb,BmGBvxA,YlfTp,1,WJJYmz,3.23,NsbUa,4,vzDyzEz
3.088,3,1,1,1,rtqXeb,1,4.94647,4,1
1,bdaxM,2.209,HUhOF,1.251,3.35,1.61,zXyYI,wiRlBV,1
4,vRogd,2.677,RnRlC,1.278,3.575,3.18,kfsEy,3,JjExCJq
5.249,HPjov,3,4.89769,bB,1,3,2.66205,5.78636,cUUrwxf
NRWwdcz,slwRC,2,3,Kv,5,1,2,wWByQY,2.14245
4.654,3.56,4.213,3,ep,LqVlaQ,1.79,4,5.45918,ywfimXL
5,4,UbycquU,xSagf,1,1,pQWzN,2.2762,4,3
6,2,ofIFoRm,2.74187,1,YsYBFX,bbSQT,3,2.91368,3.93101
3.589,QyVFS,1.664,4.71965,1,4.292,1,AEoHf,5,3
pRhPDXY,GxJAA,5,qGNns,fe,4,1,4.94404,YiaKaP,2
2,aDlWS,2.146,ZWyjB,1.571,1.973,3,EpOaN,1.88926,bTycFSF
5,2.3,5,3,Fu,jdUDCT,4,1,QFMgTR,6.70152
TgjeAIM,2,6,3,1,PoMDTS,4,Lqzbh,5.28105,6
3.799,4,TBTbVHX,XBEYO,sr,5.32,1.52,2,PvzIts,MPeCsDb
wCXylYm,1,2,4.65408,1,FSBPSM,UHjUm,3.74932,eNgKmu,2
HluwmJB,2.3,OiAguOg,2.93728,1.726,QdXqQM,4,1.84053,RYJjEB,PBfnSgs
5.942,1.53,bUQOgDU,3.53276,1,ZBBRrM,3.08,4.304,2,gvicCcf
3.891,3.95,lXTiHvh,4.17521,Lt,1,2,4.72037,5.67321,qItFtsn
6,KzoMy,4,2,mO,4.706,1,aGGuC,5.66936,2
lxrUSfr,FkGAp,4,4,LE,5.534,REcna,1,5.35003,5
OujJNVq,1,1,2.9557,1,rcPIRz,fDszn,4.27562,1.41024,MdDYZtr
oPccVro,sYled,3.864,1.2916,lx,5.769,1,FivYK,3,5.39582
WKwAGAN,iPNOC,3,1.87053,1.686,1,4.82,pWcvE,5,6.21984
5.61,4,sxkcEKJ,2.6559,1,OrpOLj,XpfHj,lLTMN,1.35547,nThSYrX
6.574,4,4,xnnDm,oh,4,2,kUgOK,yYYwiI,6.53183
